Title,Author,Price,Stars,URL
BRAHMASTRA Complete Maths Multicolored Formula Book Second Edition BILINGUAL by Aditya Ranjan Sir,Aditya Ranjan Sir,₹110.00,4.9 out of 5 stars,https://www.amazon.in/BRAHMASTRA-Complete-Multicolored-Formula-BILINGUAL/dp/9387910016/ref=zg_bs_g_books_sccl_1/000-0000000-0000000?psc=1
Ikigai,Francesc Miralles,₹353.00,4.6 out of 5 stars,https://www.amazon.in/Ikigai-H%C3%A9ctor-Garc%C3%ADa/dp/178633089X/ref=zg_bs_g_books_sccl_2/000-0000000-0000000?psc=1
The Psychology Of Money,Morgan Housel,₹231.00,4.6 out of 5 stars,https://www.amazon.in/Psychology-Money-Morgan-Housel/dp/9390166268/ref=zg_bs_g_books_sccl_3/000-0000000-0000000?psc=1
"PW Physics Med Easy Notes | Notes, Formulas, Mnemonics, Tips & Tricks for NEET/JEE & Board Exams | MR Sir Physics Handwritten Notes",Dr. Manish Raj (MR. Sir),₹421.00,4.9 out of 5 stars,https://www.amazon.in/Physics-Formulas-Mnemonics-Tricks-Handwritten/dp/8119352947/ref=zg_bs_g_books_sccl_4/000-0000000-0000000?psc=1
Atomic Habits: the life-changing million-copy #1 bestseller,James Clear,₹467.00,4.6 out of 5 stars,https://www.amazon.in/Atomic-Habits-James-Clear/dp/1847941834/ref=zg_bs_g_books_sccl_5/000-0000000-0000000?psc=1
The Power of Your Subconscious Mind,Joseph Murphy,₹104.00,4.5 out of 5 stars,https://www.amazon.in/Power-Your-Subconscious-Mind/dp/8194790832/ref=zg_bs_g_books_sccl_6/000-0000000-0000000?psc=1
Don't Believe Everything You Think (English),Joseph Nguyen,₹175.00,4.5 out of 5 stars,https://www.amazon.in/Dont-Believe-Everything-You-Think/dp/935543135X/ref=zg_bs_g_books_sccl_7/000-0000000-0000000?psc=1
"Do It Today: Overcome procrastination, improve productivity and achieve more meaningful things [Paperback] Foroux, Darius",Darius Foroux,₹139.00,4.4 out of 5 stars,https://www.amazon.in/Do-Today-procrastination-productivity-meaningful/dp/0143452126/ref=zg_bs_g_books_sccl_8/000-0000000-0000000?psc=1
Diary Of A Wimpy Kid: No Brainer (Book 18),Jeff Kinney,₹412.00,4.8 out of 5 stars,https://www.amazon.in/Diary-Wimpy-Kid-Brainer-Book/dp/0241583136/ref=zg_bs_g_books_sccl_9/000-0000000-0000000?psc=1
My First Library: Boxset of 10 Board Books for Kids,Wonder House Books,₹398.00,4.5 out of 5 stars,https://www.amazon.in/My-First-Library-Boxset-Board/dp/9387779262/ref=zg_bs_g_books_sccl_10/000-0000000-0000000?psc=1
How to Win Friends and Influence People,Dale Carnegie,₹89.00,4.5 out of 5 stars,https://www.amazon.in/How-Win-Friends-Influence-People/dp/8194790891/ref=zg_bs_g_books_sccl_11/000-0000000-0000000?psc=1
Shrimad Bhagwat Geeta Yatharoop,A.C. Bhaktivendanta Swami Prabhupada,₹248.00,4.8 out of 5 stars,https://www.amazon.in/Bhagavad-Gita-Bhaktivendanta-Swami-Prabhupada/dp/938598618X/ref=zg_bs_g_books_sccl_12/000-0000000-0000000?psc=1
Brain Activity Book for Kids - 200+ Activities for Age 3+,Maple Press,₹85.00,4.4 out of 5 stars,https://www.amazon.in/Brain-Activity-Book-Kids-Activities/dp/9391924298/ref=zg_bs_g_books_sccl_13/000-0000000-0000000?psc=1
World's Greatest Pack for Personal Growth and Wealth (Set of 4 Books),Dale Carnegie,₹288.00,4.5 out of 5 stars,https://www.amazon.in/Worlds-Greatest-Personal-Growth-Wealth/dp/9389432014/ref=zg_bs_g_books_sccl_14/000-0000000-0000000?psc=1
Rich Dad Poor Dad: 25th Anniversary Edit: (25th Anniversary Edition),Robert T. Kiyosaki,₹401.00,4.5 out of 5 stars,https://www.amazon.in/Rich-Dad-Poor-Middle-Anniversary/dp/1612681131/ref=zg_bs_g_books_sccl_15/000-0000000-0000000?psc=1
India that is Bharat,J Sai Deepak,₹378.00,4.8 out of 5 stars,https://www.amazon.in/India-that-Bharat-Civilisation-Constitution/dp/9354352499/ref=zg_bs_g_books_sccl_16/000-0000000-0000000?psc=1
You Can,George Matthew Adams,₹98.00,4.3 out of 5 stars,https://www.amazon.in/You-Can-George-Matthew-Adams/dp/9389931843/ref=zg_bs_g_books_sccl_17/000-0000000-0000000?psc=1
"Grandma's Bag of Stories: Collection of 20+ Illustrated short stories, traditional Indian folk tales for all ages for children of all ages by Sudha Murty [Paperback] Sudha Murty",Murty Sudha,₹162.00,4.6 out of 5 stars,https://www.amazon.in/Grandmas-Bag-Stories-Sudha-Murty/dp/0143333623/ref=zg_bs_g_books_sccl_18/000-0000000-0000000?psc=1
THE 48 LAWS OF POWER,Robert Greene,₹510.00,4.6 out of 5 stars,https://www.amazon.in/Laws-Power-Robert-Greene-Collection/dp/1861972784/ref=zg_bs_g_books_sccl_19/000-0000000-0000000?psc=1
Indian Polity for UPSC (English| 7th Edition) |Civil Services Exam| State Administrative Exams,M Laxmikanth,₹669.00,4.6 out of 5 stars,https://www.amazon.in/Indian-Polity-English-Services-Administrative/dp/9355325347/ref=zg_bs_g_books_sccl_20/000-0000000-0000000?psc=1
"Think Straight: Change your thoughts, Change your life [Paperback] Foroux, Darius",Darius Foroux,₹125.00,4.2 out of 5 stars,https://www.amazon.in/Think-Straight-Change-your-thoughts/dp/0143452134/ref=zg_bs_g_books_sccl_21/000-0000000-0000000?psc=1
"NTA UGC NET /SET/JRF Paper 1, Teaching and Research Aptitude – 2023, Includes latest 2022 paper and 2600+ Practice Questions with Solutions | Includes NEP - 2020| 7th Edition - By Pearson",KVS Madaan,₹310.00,4.4 out of 5 stars,https://www.amazon.in/NTA-Paper-Teaching-Research-Aptitude/dp/935606590X/ref=zg_bs_g_books_sccl_22/000-0000000-0000000?psc=1
Colouring Books for Kids (Pack of 12 Books),Wonder House Books,₹328.00,4.5 out of 5 stars,https://www.amazon.in/Colouring-Books-Kids-Colour-Children/dp/9388369785/ref=zg_bs_g_books_sccl_23/000-0000000-0000000?psc=1
"Moral Story Books for Kids (Illustrated) - English Short Stories with Colourful Pictures - Bedtime Children Story Book - 3 Years to 6 Years Old Children - Read Aloud to Infants, Toddlers (Set of 10 Books)",Maple Press,₹199.00,4.5 out of 5 stars,https://www.amazon.in/Moral-Story-Books-Kids-Set/dp/9391129811/ref=zg_bs_g_books_sccl_24/000-0000000-0000000?psc=1
Spreading Joy : How Joyalukkas Became the World's Favourite Jeweller,Joy Alukkas,₹649.00,Not Available,https://www.amazon.in/Spreading-Joy-Joyalukkas-Favourite-Jeweller/dp/9356995265/ref=zg_bs_g_books_sccl_25/000-0000000-0000000?psc=1
"Little Colouring Books for Kids (Set of 10 Books) - Gift to children for painting, drawing and colouring - Alphabets, Animals, Birds, Flags, Flowers, ... Transport, Vegetables - 3 to 6 years old [Paperback] Maple Press",Maple Press,₹177.00,4.3 out of 5 stars,https://www.amazon.in/Colouring-Books-Set-10/dp/9350332167/ref=zg_bs_g_books_sccl_26/000-0000000-0000000?psc=1
Autobiography of a Yogi (Complete Original Edition),Paramahansa Yogananda,₹120.00,4.6 out of 5 stars,https://www.amazon.in/Autobiography-Yogi-Complete-Free-CD/dp/818953551X/ref=zg_bs_g_books_sccl_27/000-0000000-0000000?psc=1
201 Brain Booster Activity Book Fun Activities and Exercises For Children Tracing and Pattern Colors and Shapes Maze,Wonder House Books,₹99.00,4.5 out of 5 stars,https://www.amazon.in/201-Brain-Booster-Activity-Book/dp/935440460X/ref=zg_bs_g_books_sccl_28/000-0000000-0000000?psc=1
The Power of Your Subconscious Mind,Joseph Murphy,₹99.00,4.5 out of 5 stars,https://www.amazon.in/Power-Your-Subconscious-Mind-Success/dp/8172345666/ref=zg_bs_g_books_sccl_29/000-0000000-0000000?psc=1
"PW Chemistry Med Easy | Notes, Formulas, Tips & Tricks for NEET/JEE & Board Exams | Pankaj Sir Chemistry Handwritten Notes",Pankaj Sijairya,₹421.00,4.6 out of 5 stars,https://www.amazon.in/Chemistry-Formulas-Tricks-Pankaj-Handwritten/dp/8119352920/ref=zg_bs_g_books_sccl_30/000-0000000-0000000?psc=1
"My First Mythology Tale (Illustrated) (Set of 5 Books) - Mahabharata, Krishna, Hanuman, Ganesha, Ramayana - Story Book for Kids - English Short Stories with Colourful Pictures - Read Aloud to Infants, Toddlers",Maple Press,₹163.00,4.4 out of 5 stars,https://www.amazon.in/First-Mythology-Tale-Illustrated-Books/dp/9390292964/ref=zg_bs_g_books_sccl_1/000-0000000-0000000?psc=1
"THE SILENT PATIENT [Paperback] Michaelides, Alex",Alex Michaelides,₹160.00,4.5 out of 5 stars,https://www.amazon.in/Silent-Patient-Alex-Michaelides/dp/1409181634/ref=zg_bs_g_books_sccl_2/000-0000000-0000000?psc=1
My First Book of Patterns Pencil Control: Practice Patterns (Pattern Writing),Wonder House Books,₹88.00,4.4 out of 5 stars,https://www.amazon.in/First-Book-Patterns-Pencil-Control/dp/9387779319/ref=zg_bs_g_books_sccl_3/000-0000000-0000000?psc=1
THINK AND GROW RICH (PB),Napoleon Hill,₹94.00,4.4 out of 5 stars,https://www.amazon.in/Think-Grow-Rich-Napoleon-Hill/dp/9353338158/ref=zg_bs_g_books_sccl_4/000-0000000-0000000?psc=1
"The Hidden Hindu Book 3 ""द हिडन हिंदू-3"" - अक्षत गुप्ता 3rd Book of Hidden Hindu Triology (Hindi Version) - Akshat Gupta",Akshat Gupta,₹179.00,4.8 out of 5 stars,https://www.amazon.in/Hidden-Hindu-Book-%E0%A4%B9%E0%A4%BF%E0%A4%A1%E0%A4%A8-%E0%A4%B9%E0%A4%BF%E0%A4%82%E0%A4%A6%E0%A5%82-3/dp/9355216149/ref=zg_bs_g_books_sccl_5/000-0000000-0000000?psc=1
"Thinking, Fast & Slow (L)",Daniel Kahneman,₹268.00,4.5 out of 5 stars,https://www.amazon.in/Thinking-Fast-Penguin-Press-Non-Fiction/dp/0141033576/ref=zg_bs_g_books_sccl_6/000-0000000-0000000?psc=1
SSC GD (COMBO) MATH +REASONING+GK+HINDI,Ankit Bhati,₹469.00,4.2 out of 5 stars,https://www.amazon.in/SSC-COMBO-MATH-REASONING-HINDI/dp/B0CKBQWMN7/ref=zg_bs_g_books_sccl_7/000-0000000-0000000?psc=1
Think And Grow Rich - Hindi,Napoleon Hill,₹89.00,4.4 out of 5 stars,https://www.amazon.in/Think-Grow-Rich-Hindi-Napoleon/dp/8175993561/ref=zg_bs_g_books_sccl_8/000-0000000-0000000?psc=1
"Disha 144 JEE Main Online (2023-2012) & Offline (2018-2002) Physics,Chemistry & Mathematics Chapter-wise+Topic-wise Previous Years Solved Papers 7th Edition NCERT Chapterwise PYQ Question Bank",Disha Experts,"₹1,315.00",4.3 out of 5 stars,https://www.amazon.in/2023-2012-Mathematics-Chapter-wise-Topic-wise-Chapterwise/dp/8196150164/ref=zg_bs_g_books_sccl_9/000-0000000-0000000?psc=1
"Energize Your Mind : Learn the Art of Mastering Your Thoughts, Feelings and Emotions",Gaur Gopal Das,₹171.00,4.7 out of 5 stars,https://www.amazon.in/Energize-Your-Mind-Mastering-Thoughts/dp/0143442287/ref=zg_bs_g_books_sccl_10/000-0000000-0000000?psc=1
"Courage To Be Disliked, The: How to free yourself, change your life and achieve real happiness (Courage To series)",Ichiro Kishimi and Fumitake Koga,₹273.00,4.5 out of 5 stars,https://www.amazon.in/COURAGE-BE-DISLIKED-ICHIRO-KISHIMI/dp/1760630721/ref=zg_bs_g_books_sccl_11/000-0000000-0000000?psc=1
The Time Machine-FINGERPRINT,H. G. Wells,₹98.00,4.4 out of 5 stars,https://www.amazon.in/Time-Machine-H-G-Wells/dp/8175992956/ref=zg_bs_g_books_sccl_12/000-0000000-0000000?psc=1
Kaisa Kutta Hai । कैसा कुत्ता है,Rahgir,₹130.00,4.7 out of 5 stars,https://www.amazon.in/Kaisa-Kutta-Hai-%E0%A4%95%E0%A5%88%E0%A4%B8%E0%A4%BE-%E0%A4%95%E0%A5%81%E0%A4%A4%E0%A5%8D%E0%A4%A4%E0%A4%BE/dp/9392820267/ref=zg_bs_g_books_sccl_13/000-0000000-0000000?psc=1
THE CONCISE 48 LAWS OF POWER,Robert Greene,₹254.00,4.4 out of 5 stars,https://www.amazon.in/CONCISE-48-LAWS-POWER/dp/1861974043/ref=zg_bs_g_books_sccl_14/000-0000000-0000000?psc=1
The 5 Am Club,Robin Sharma,₹202.00,4.5 out of 5 stars,https://www.amazon.in/AM-Club-Your-Morning-Elevate/dp/9387944891/ref=zg_bs_g_books_sccl_15/000-0000000-0000000?psc=1
Tales from Indian Mythology Collection of 10 Books Story Books For Kids,Wonder House Books,₹329.00,4.4 out of 5 stars,https://www.amazon.in/Tales-Indian-Mythology-Collection-Books/dp/9354400507/ref=zg_bs_g_books_sccl_16/000-0000000-0000000?psc=1
"All Time Favourites for Children: Classic Collection of 25+ most-loved, great stories by famous award-winning author (Illustrated, must-read fiction short stories for kids)",Ruskin Bond,₹149.00,4.6 out of 5 stars,https://www.amazon.in/All-Time-Favourites-Children-award-winning-Illustrated/dp/0143451936/ref=zg_bs_g_books_sccl_17/000-0000000-0000000?psc=1
BlackBook of English Vocabulary March 2023 by Nikhil Gupta,Nikhil K.R. Gupta,₹250.00,4.5 out of 5 stars,https://www.amazon.in/BlackBook-English-Vocabulary-March-Nikhil/dp/8195645712/ref=zg_bs_g_books_sccl_18/000-0000000-0000000?psc=1
Ikigai English (PB),Keira Miki,₹143.00,3.9 out of 5 stars,https://www.amazon.in/Ikigai-Japanese-staying-Young-growing/dp/9355991479/ref=zg_bs_g_books_sccl_19/000-0000000-0000000?psc=1
Word Power Made Easy [Paperback] Norman Lewis,Norman Lewis,₹88.00,4.4 out of 5 stars,https://www.amazon.in/Word-Power-Made-Norman-Lewis/dp/0143424688/ref=zg_bs_g_books_sccl_20/000-0000000-0000000?psc=1
"Dhan Sampatti Ka Manovigyan (The Psychology Of Money) [Paperback] Housel, Morgan and Asma",Morgan Housel,₹144.95,4.3 out of 5 stars,https://www.amazon.in/Dhan-Sampatti-Manovigyan-Psychology-Money/dp/9390166845/ref=zg_bs_g_books_sccl_1/000-0000000-0000000?psc=1
The Alchemist,Paulo Coelho,₹243.74,4.6 out of 5 stars,https://www.amazon.in/Alchemist-Paulo-Coelho/dp/8172234988/ref=zg_bs_g_books_sccl_2/000-0000000-0000000?psc=1
Bhagvad Gita As It Is English New Edition,A. C. Bhaktivedanta Swami Prabhupad,₹340.00,4.8 out of 5 stars,https://www.amazon.in/Bhagavad-Gita-Original-English-As/dp/B07MDTX8BR/ref=zg_bs_g_books_sccl_3/000-0000000-0000000?psc=1
Man's Search For Meaning: The classic tribute to hope from the Holocaust,Victor E. Frankl,₹190.00,4.5 out of 5 stars,https://www.amazon.in/Mans-Search-Meaning-Viktor-Frankl/dp/1846041244/ref=zg_bs_g_books_sccl_4/000-0000000-0000000?psc=1
Meditations,Marcus Aurelius,₹99.00,4.3 out of 5 stars,https://www.amazon.in/Meditations-Marcus-Aurelius/dp/8175994754/ref=zg_bs_g_books_sccl_5/000-0000000-0000000?psc=1
"MTG 36 Years NEET Previous Year Solved Question Papers with NEET PYQ Chapterwise Topicwise Solutions - Physics, Chemistry & Biology For NEET Exam 2024 | Get Free access of Smart Book (Set of 3 Books)",MTG Editorial Board,₹749.00,4.4 out of 5 stars,https://www.amazon.in/Previous-Question-Chapterwise-Topicwise-Solutions/dp/935555897X/ref=zg_bs_g_books_sccl_6/000-0000000-0000000?psc=1
The Hidden Hindu (Hindi Translation of The Hidden Hindu) Paperback,Akshat Gupta,₹142.00,4.5 out of 5 stars,https://www.amazon.in/Hidden-Hindu-Hindi-Translation/dp/9355213794/ref=zg_bs_g_books_sccl_7/000-0000000-0000000?psc=1
"Make Money With Chart Patterns: A Complete Trading Guide for Stock Market | Proven Chart Patterns Trading Method | Pocket Book (Paperback, Sunil Gurjar (Chartmojo) and Vijay Thakkar (Master In One))",Sunil Gurjar (Chartmojo),₹299.00,5.0 out of 5 stars,https://www.amazon.in/Make-Money-Chart-Patterns-Paperback/dp/8196476108/ref=zg_bs_g_books_sccl_8/000-0000000-0000000?psc=1
Autobiography of A Yogi (Hindi),Paramahansa Yogananda,₹179.00,4.6 out of 5 stars,https://www.amazon.in/Autobiography-Yogi-HINDI-Paramahansa-Yogananda/dp/9389432472/ref=zg_bs_g_books_sccl_9/000-0000000-0000000?psc=1
Mahagatha: 100 Tales from the Puranas,Satyarth Nayak,₹257.00,4.7 out of 5 stars,https://www.amazon.in/Mahagatha-Tales-Puranas-Satyarth-Nayak/dp/9356294496/ref=zg_bs_g_books_sccl_10/000-0000000-0000000?psc=1
Rich Dad Poor Dad ( Original & Complete) Hindi,Robert T. Kiyosaki,₹223.00,4.5 out of 5 stars,https://www.amazon.in/Rich-Dad-Poor-Robert-Kiyosaki/dp/8186775218/ref=zg_bs_g_books_sccl_11/000-0000000-0000000?psc=1
"Tuesdays With Morrie: An old man, a young man, and life's greatest lesson [Paperback] Albom, Mitch",Mitch Albom,₹206.00,4.6 out of 5 stars,https://www.amazon.in/Tuesdays-Morrie-greatest-lesson-Paperback/dp/0751527378/ref=zg_bs_g_books_sccl_12/000-0000000-0000000?psc=1
The Subtle Art of Not Giving a F*ck: A Counterintuitive Approach to Living a Good Life,Mark Manson,₹203.00,4.5 out of 5 stars,https://www.amazon.in/Subtle-Art-Not-Giving/dp/0062641549/ref=zg_bs_g_books_sccl_13/000-0000000-0000000?psc=1
"The Hidden Hindu: Science-Fiction meets Indian mythology in a nail biting thriller set in 2020 [Paperback] Gupta, Akshat",Akshat Gupta,₹157.00,4.4 out of 5 stars,https://www.amazon.in/Hidden-Hindu-Akshat-Gupta/dp/0143455699/ref=zg_bs_g_books_sccl_14/000-0000000-0000000?psc=1
"Story Books for Kids (Set of 5 Books) (Illustrated) - Indian Scientists - Biographies for Children - 6 Years to 10 Years Old - CV Raman, Homi Bhabha, Ramanujan, Vikram Sarabhai, Abdul Kalam",Maple Press,₹120.00,4.5 out of 5 stars,https://www.amazon.in/Story-Books-Kids-Set-Illustrated/dp/8196149921/ref=zg_bs_g_books_sccl_15/000-0000000-0000000?psc=1
"Sank Magic Practice Copybook, (4 BOOK + 10 REFILL+ 1 Pen +1 Grip) Number Tracing Book for Preschoolers with Pen, Magic Calligraphy Copybook Set Practical Reusable Writing Tool Simple Hand Lettering",Sank Magic,₹113.00,3.9 out of 5 stars,https://www.amazon.in/Practice-Preschoolers-Calligraphy-Practical-Lettering/dp/9551753437/ref=zg_bs_g_books_sccl_16/000-0000000-0000000?psc=1
"Oxford Student Atlas for India, Fourth Edition - Useful for Competitive Exams",Oxford University Press,₹250.00,4.5 out of 5 stars,https://www.amazon.in/Oxford-Student-Atlas-India-Fourth/dp/9391050840/ref=zg_bs_g_books_sccl_17/000-0000000-0000000?psc=1
Shlokas and Mantras For Kids - Illustrated Padded Board Book - Learn About India's Rich Culture and,Wonder House Books,₹198.00,4.7 out of 5 stars,https://www.amazon.in/Shlokas-Mantras-Kids-Illustrated-Tradition/dp/9354405169/ref=zg_bs_g_books_sccl_18/000-0000000-0000000?psc=1
Hindus in Hindu Rashtra (Eighth-Class Citizens and Victims of State- Sanctioned Apartheid),Anand Ranganathan,₹259.00,4.8 out of 5 stars,https://www.amazon.in/Rashtra-Eighth-Class-Citizens-Sanctioned-Apartheid/dp/9392209479/ref=zg_bs_g_books_sccl_19/000-0000000-0000000?psc=1
Shlokas and Mantras Activity Book For Kids Illustrated Book With Engaging Activities and Sticker Sheets,Wonder House Books,₹149.00,4.7 out of 5 stars,https://www.amazon.in/Shlokas-Mantras-Activity-Illustrated-Activities/dp/935440524X/ref=zg_bs_g_books_sccl_20/000-0000000-0000000?psc=1
The Hidden Hindu + The Hidden Hindu 2 + The Hidden Hindu 3,Product Bundle,₹487.00,4.6 out of 5 stars,https://www.amazon.in/Hidden-Hindu/dp/B0CBQ9VM1V/ref=zg_bs_g_books_sccl_21/000-0000000-0000000?psc=1
Janalakal,Anish Mohan,₹190.00,4.6 out of 5 stars,https://www.amazon.in/Janalakal-Anish-Mohan/dp/9359133329/ref=zg_bs_g_books_sccl_22/000-0000000-0000000?psc=1
The Power of A Positive Attitude: Your Road To Success,Roger Fritz,₹98.00,4.4 out of 5 stars,https://www.amazon.in/Power-Positive-Attitude-Your-Success/dp/9389432642/ref=zg_bs_g_books_sccl_23/000-0000000-0000000?psc=1
"MTG Objective NCERT at your FINGERTIPS Biology - NCERT Notes with HD Pages, Based on NCERT Exam Archive Questions, NEET Books (Latest & Revised Edition 2023-2024)",MTG Editorial Board,₹602.00,4.5 out of 5 stars,https://www.amazon.in/Objective-NCERT-your-FINGERTIPS-Biology/dp/9355555946/ref=zg_bs_g_books_sccl_24/000-0000000-0000000?psc=1
Animal Stories for Panchtantra 84 pp English 8x8 Book 1,Wonder House Books,₹188.00,4.5 out of 5 stars,https://www.amazon.in/Animals-Tales-Panchtantra-Timeless-Children/dp/9389178118/ref=zg_bs_g_books_sccl_25/000-0000000-0000000?psc=1
"Quantitative Aptitude for Competitive Examinations All Government and Entrance Exams (Banking, SSC, Railway, Police, Civil Service, etc.) 40 Videos | 2000+ Solved Examples | 10000+ Practice Questions",R. S Aggarwal,₹440.00,4.3 out of 5 stars,https://www.amazon.in/Quantitative-Aptitude-Competitive-Examinations-Revised/dp/9355012322/ref=zg_bs_g_books_sccl_26/000-0000000-0000000?psc=1
The Richest Man In Babylon - Fingerprint!,George S. Clason,₹98.00,4.5 out of 5 stars,https://www.amazon.in/Richest-Man-Babylon-George-Clason/dp/9388144317/ref=zg_bs_g_books_sccl_27/000-0000000-0000000?psc=1
INDIAN ECONOMY -2024,AJAY PATEL,₹540.00,Not Available,https://www.amazon.in/INDIAN-ECONOMY-2024-AJAY-PATEL/dp/B0CLKHVVWB/ref=zg_bs_g_books_sccl_28/000-0000000-0000000?psc=1
KARMA: A YOGI'S GUIDE TO CRAFTING YOUR DESTINY,Sadhguru,₹175.00,4.7 out of 5 stars,https://www.amazon.in/KARMA-YOGIS-GUIDE-CRAFTING-DESTINY/dp/0143452673/ref=zg_bs_g_books_sccl_29/000-0000000-0000000?psc=1
Autobiography of a Yogi in Hindi | Yogi Kathamrit | Ek Yogi Ki Atmakatha | Paramahansa Yogananda Hindi | Yogi Book,Paramahansa Yogananda,₹109.00,4.7 out of 5 stars,https://www.amazon.in/Autobiography-of-a-Yogi/dp/B09C745BCM/ref=zg_bs_g_books_sccl_30/000-0000000-0000000?psc=1
"Oswal - Gurukul Last Years 10 Solved Papers for CBSE Class 10 Exam 2024 - Yearwise Board Solutions of Math Standard, English, Science & Social Science (All Sets Delhi & Outside), Latest Syllabus",Oswal - Gurukul,₹663.00,4.4 out of 5 stars,https://www.amazon.in/Oswal-Yearwise-Solutions-Standard-Syllabus/dp/8119151089/ref=zg_bs_g_books_sccl_1/000-0000000-0000000?psc=1
Arthashastra,KAUTILYA,₹198.00,4.4 out of 5 stars,https://www.amazon.in/Arthashastra-Kautilya/dp/9354403700/ref=zg_bs_g_books_sccl_2/000-0000000-0000000?psc=1
The Compound Effect,Darren Hardy,₹232.00,4.6 out of 5 stars,https://www.amazon.in/Compound-Effect-Darren-Hardy/dp/9390924634/ref=zg_bs_g_books_sccl_3/000-0000000-0000000?psc=1
The Almanack Of Naval Ravikant: A Guide to Wealth and Happiness,Eric Jorgenson,₹239.00,4.6 out of 5 stars,https://www.amazon.in/Almanack-Naval-Ravikant-Wealth-Happiness/dp/9354893899/ref=zg_bs_g_books_sccl_4/000-0000000-0000000?psc=1
"Best Books Series Set of 3 Hidden Hindu Triology | The Hidden Hindu + The Hidden Hindu 2 + The Hidden Hindu 3 | Saat Chiranjeevi ""सात चिरंजीवी"" Book in Hindi by Akshat Gupta- PB",Akshat Gupta,₹477.00,Not Available,https://www.amazon.in/Hidden-Triology-Chiranjeevi-%E0%A4%9A%E0%A4%BF%E0%A4%B0%E0%A4%82%E0%A4%9C%E0%A5%80%E0%A4%B5%E0%A5%80-Akshat/dp/B0CK3Y94R9/ref=zg_bs_g_books_sccl_5/000-0000000-0000000?psc=1
29 Previous Years UPSC Civil Services IAS Prelims Topic-wise Solved Papers 1 & 2 (1995 - 2023) 14th Edition | General Studies & Aptitude (CSAT) PYQs Question Bank |,Mrunal Patel,₹415.00,4.3 out of 5 stars,https://www.amazon.in/Previous-Services-Prelims-Topic-wise-Solved/dp/9355646488/ref=zg_bs_g_books_sccl_6/000-0000000-0000000?psc=1
Trading Chart Breakout Pattern & Candlestick Pattern Pocket Study For Beginners,Unknown Binding,₹229.00,4.1 out of 5 stars,https://www.amazon.in/Trading-Breakout-Pattern-Candlestick-Beginners/dp/B09Z85R4SW/ref=zg_bs_g_books_sccl_7/000-0000000-0000000?psc=1
Word Power Made Easy By Norman Lewis (More than 700 Pages),Norman Lewis,₹83.00,4.4 out of 5 stars,https://www.amazon.in/Word-Power-Norman-Lewis-Pages/dp/B09LV1KHKV/ref=zg_bs_g_books_sccl_8/000-0000000-0000000?psc=1
"My First 1000 Words : Early Learning Picture Book to learn Alphabet, Numbers, Shapes and Colours, Tr",Wonder House Books,₹158.00,4.5 out of 5 stars,https://www.amazon.in/First-1000-Words-Transport-Professions/dp/9388144112/ref=zg_bs_g_books_sccl_9/000-0000000-0000000?psc=1
AUTOBIOGRAPHY OF A YOGI,Paramahansa Yogananda,₹183.00,4.6 out of 5 stars,https://www.amazon.in/Autobiography-Yogi-Paramahansa-Yogananda/dp/8129145367/ref=zg_bs_g_books_sccl_10/000-0000000-0000000?psc=1
All In One Class 10th Social Science for CBSE Exam 2024,Farah Sultan Aditya Raj ,₹329.00,4.2 out of 5 stars,https://www.amazon.in/Class-10th-Social-Science-Exam-2024/dp/9350106000/ref=zg_bs_g_books_sccl_11/000-0000000-0000000?psc=1
As a Man Thinketh,James Allen,₹68.00,4.4 out of 5 stars,https://www.amazon.in/As-Man-Thinketh-James-Allen/dp/9386538172/ref=zg_bs_g_books_sccl_12/000-0000000-0000000?psc=1
Attitude Is Everything: Change Your Attitude ... Change Your Life!,Jeff Keller,₹135.00,4.5 out of 5 stars,https://www.amazon.in/Attitude-Everything-Change-Your-Life/dp/9351772071/ref=zg_bs_g_books_sccl_13/000-0000000-0000000?psc=1
1001 Ultimate Brain Booster Activities for 3 to 6 Years Old Kids |Enhance the Child Mind with Cognitive Excellence with Interactive Activity Book,Team Pegasus,₹259.00,4.6 out of 5 stars,https://www.amazon.in/Ultimate-Brain-Booster-Activities-Years/dp/8131958248/ref=zg_bs_g_books_sccl_14/000-0000000-0000000?psc=1
"My First Learning Library Box Set [ Includes 20 Board Books] – Early Learning Books for Children with Well-researched Bright Images | Introduction to Basic Topics | Builds Child’s Vocabulary | Improves Hand-Eye Coordination, Recognition Skills and Enhances Visual Motor Skills | Round Corners for Safety| Sturdy Board Material",Wonder House Books,₹784.00,4.6 out of 5 stars,https://www.amazon.in/First-Learning-Library-Box-Set/dp/9388369882/ref=zg_bs_g_books_sccl_15/000-0000000-0000000?psc=1
Encyclopedia: Amazing Questions & Answers Science,Om Books Editorial Team,₹126.00,4.5 out of 5 stars,https://www.amazon.in/Amazing-Question-Answers-Science-Editorial/dp/9352763068/ref=zg_bs_g_books_sccl_16/000-0000000-0000000?psc=1
Oswaal CBSE Class 10 Science Question Bank (For 2024 Board Exams),Oswaal Editorial Board,₹477.00,4.4 out of 5 stars,https://www.amazon.in/Oswaal-CBSE-Class-Science-Question/dp/9356349010/ref=zg_bs_g_books_sccl_17/000-0000000-0000000?psc=1
1800+ Reward Stickers Ideal For Teachers And Parents Sticker Book With Over 1800 Stickers to Boost The Morale of Kids,Wonder House Books,₹158.00,4.5 out of 5 stars,https://www.amazon.in/1800-Reward-Stickers-Teachers-Parents/dp/9388810740/ref=zg_bs_g_books_sccl_18/000-0000000-0000000?psc=1
"BRAIN GAMES FOR CLEVER KIDS [Paperback] Moore, Gareth",Gareth Moore,₹139.00,4.3 out of 5 stars,https://www.amazon.in/BRAIN-GAMES-CLEVER-Paperback-Gareth/dp/1780552491/ref=zg_bs_g_books_sccl_19/000-0000000-0000000?psc=1
Think and Grow Rich THE 21st CENTURY EDITION,Napoleon Hill,₹98.00,4.5 out of 5 stars,https://www.amazon.in/Think-Grow-Rich-21st-CENTURY/dp/9389931525/ref=zg_bs_g_books_sccl_20/000-0000000-0000000?psc=1
